CustomerID,FirstName,LastName,Email,PhoneNumber,Address,City,State,Country,ZipCode,DateOfBirth,Gender
1,Michael,Gamble,holly04@hotmail.com,+1-384-774-8116x1917,1934 Villarreal Fields Suite 786,Lake Jessica,Oklahoma,Germany,61029,1956-02-01,Male
2,Lauren,Romero,mmoreno@dunn.com,(057)460-0762x9847,6463 Theresa Overpass Suite 751,New Alyssa,Missouri,China,72967,1979-04-06,Male
3,Gail,Olson,sjohnson@mcguire.info,770.480.9804,242 Theresa Cliffs Suite 001,Dorseyshire,Vermont,Germany,41944,1975-04-17,Female
4,Joshua,Watson,maypamela@gmail.com,324-257-8605x045,61207 Brown Well,North Jonathanton,New Hampshire,United Kingdom,65582,1987-08-29,Male
5,Amy,Olson,dunnjoanne@hotmail.com,+1-130-220-6697x69296,5782 Kimberly Falls,Simmonsfort,Wisconsin,Spain,17375,1946-07-12,Male
6,Richard,Lewis,emily39@gmail.com,849-472-3706x226,8096 Katherine Stream,North Ethanland,Washington,Spain,4215,1993-04-09,Female
7,Alexander,Davis,oneillsheila@collins.net,001-958-855-9546x92944,5574 Waters Forges Suite 512,West Cynthia,Virginia,Japan,24155,1987-08-24,Male
8,Jessica,Shepard,znichols@hill.com,+1-550-611-6269x2892,4063 Taylor Coves Suite 803,Kellytown,Vermont,Canada,12416,1996-02-16,Female
9,Jennifer,Jackson,ryanarnold@cervantes.com,+1-225-587-5064,97330 Brittany Drive,Madisonberg,Indiana,France,64461,1957-04-12,Female
10,Jennifer,Meyers,muellerariana@yahoo.com,057-940-2050x1292,83151 Adams Junctions,New Amandahaven,New Jersey,Japan,79676,1972-06-22,Female
11,Jody,Oliver,noah63@hotmail.com,241.284.9200x41928,40308 Samantha Islands Suite 196,Joshuaview,New York,Spain,65646,1936-04-10,Male
12,Yolanda,Wilson,johnsonclifford@ramirez-garcia.info,367.893.1422,6581 Rachel Camp Suite 008,Port Elaine,Kentucky,Canada,57535,1997-07-05,Male
13,Kelly,Robinson,zweaver@gmail.com,1829411802,8957 Smith Bridge Apt. 498,Burnsfort,Alabama,United States,34864,1940-02-18,Male
14,Michael,Leonard,paulperez@scott.net,+1-559-728-6346,934 Gregory Ridge,Catherineborough,Rhode Island,Italy,88219,1941-05-20,Male
15,Allison,Little,kimberlywatts@merritt.com,567.549.1055x96254,83844 Joseph Island,North Amyshire,Missouri,China,29069,1985-07-25,Male
16,Nicholas,Castro,wclark@moss.com,(995)776-5371x4719,63177 David Branch,South Warrentown,Nebraska,Canada,77539,1937-03-23,Male
17,Keith,Johnson,camacholaura@allen.org,(574)125-9046,981 Linda Coves Apt. 903,Williamsfort,Hawaii,Japan,61868,1957-08-14,Female
18,Brendan,Walsh,hendersondebra@hotmail.com,127-400-2227x83290,7260 Mary Mission Apt. 138,New Stevenchester,Indiana,Italy,63917,1970-02-22,Female
19,James,Barker,dlee@gmail.com,777-466-4603x00076,357 Andrew Isle,North Claire,Texas,Italy,65592,1942-01-29,Male
20,Phillip,Gonzalez,sarahwu@moon.com,909.294.2920,1217 Wade Junctions Suite 265,West Steven,Idaho,China,47864,1940-08-02,Male
21,Karla,Herman,hwright@benson.com,(546)073-8659x26944,111 Mary Roads Suite 206,Calvinfort,Utah,China,9559,1975-03-15,Female
22,Kevin,Byrd,catherinelee@hall.com,(401)935-9663x527,921 Kurt Wall Apt. 673,Hannastad,South Dakota,China,55613,1985-01-30,Female
23,Brittany,Jones,jmcclain@hotmail.com,+1-413-842-8817x16023,24354 Sarah Parkway,Lake Heatherland,Alabama,Canada,76699,1975-05-28,Female
24,Bryan,Cooley,greenefrank@hotmail.com,+1-995-241-4020x1833,990 Lindsey Common,West Lisa,Maine,Canada,41455,1999-09-13,Male
25,Michael,Flores,curtisjames@yahoo.com,001-991-907-4532x89466,73004 Anthony Loop,Colemouth,Idaho,Germany,86243,1948-10-23,Male
26,Beth,Mccarthy,jenniferjohnson@buchanan.com,042-829-2498x99532,9519 Kaitlyn Summit,East Timothymouth,South Dakota,Japan,44705,1974-03-20,Male
27,Matthew,Williams,woodsstacy@lin.com,(189)463-9292x011,51050 Evans Circle Suite 105,Michaelfurt,Arizona,Germany,76508,1962-01-08,Female
28,Tara,Randall,mcannon@taylor.info,8076808303,6929 Jamie Dam,East Emilytown,Kentucky,France,72211,1981-06-02,Female
29,Emily,Little,kimberly37@yahoo.com,108-254-7856x886,18412 James Walks Suite 465,West Douglas,Arkansas,Canada,59959,2002-09-18,Male
30,Sharon,Wilson,joseph30@martin.com,001-383-867-0874,782 Daniel Turnpike,North Brettborough,Maine,Italy,99548,1951-09-23,Male
31,Zachary,Callahan,watkinson@gmail.com,(257)168-4081,504 Brian Valleys Suite 405,East Michelle,Ohio,Spain,24756,1971-12-14,Male
32,Tamara,Wood,josephgonzalez@gmail.com,702-150-2287,2679 Linda Island Apt. 254,Steelehaven,Arkansas,Germany,22094,1945-05-05,Male
33,Michael,Powers,amandaaguilar@merritt.com,(107)386-1371x81915,33226 James Union Apt. 579,Lake William,New Mexico,United States,47868,1990-05-31,Male
34,Jessica,Richardson,edwardsantonio@hutchinson-bean.com,014.685.9742,02634 Christian Road Apt. 009,North Aaronfurt,Nevada,Canada,73065,1935-06-16,Female
35,Julie,Williams,glloyd@hernandez.com,863.197.9029,29832 Kimberly Ridges,South Ginachester,Kentucky,United States,81710,1970-05-05,Female
36,Amanda,Liu,vacosta@gmail.com,169.285.9953,74408 Rodney Station Suite 678,Gardnerland,Tennessee,Spain,78208,1942-03-19,Female
37,Becky,Hughes,tharris@bryant.org,+1-612-716-8229x3311,032 Craig Island,Caldwellfort,Iowa,Canada,39895,1996-07-07,Male
38,Jessica,Taylor,tracyherring@mitchell.biz,(540)249-2689,039 Tiffany Plains,Port Jordan,Missouri,China,5291,1938-09-08,Male
39,John,Pratt,deborah77@cain.org,+1-208-520-1486x0835,28131 Price Pike,Mariahaven,Utah,France,56018,1974-08-07,Female
40,Tyrone,Nicholson,griffinjasmine@reeves-roberts.com,001-979-421-0535x64260,64235 Lee Valley Apt. 598,Douglasberg,Arizona,Germany,29359,1981-06-10,Female
41,Bethany,Ross,matthew52@grant-alexander.com,582-165-6906x036,9875 Taylor Mission Apt. 177,Adamsshire,Florida,China,17254,1933-09-02,Male
42,Jacqueline,Powers,susanwilliams@villegas.net,4249285307,5637 Roberson Mills Suite 285,South Jessicabury,Iowa,Germany,99160,1936-04-15,Male
43,Erin,Washington,jamesbowen@gmail.com,(499)083-3328,6345 Howe Roads Suite 952,Sandraside,Virginia,France,45510,1984-06-09,Female
44,Nicole,Hartman,jennifer78@yahoo.com,064.445.2254,4099 Koch Inlet Apt. 833,South Christopherberg,Tennessee,Germany,74797,1995-10-17,Male
45,Daniel,Yang,prosario@velasquez.org,996.024.7646x08083,29425 Luna Highway Apt. 426,New Bradton,Wisconsin,China,46302,1962-06-19,Male
46,Carolyn,Daniel,marquezannette@yahoo.com,+1-008-325-3730,5053 Thompson Groves,West Toni,Illinois,United States,39529,1968-04-04,Male
47,Catherine,Smith,ksteele@hotmail.com,(636)163-6412,019 David Circles Apt. 056,Lopezmouth,Arizona,China,10387,2001-02-12,Female
48,Kenneth,Garcia,ricardoferguson@johnson.com,679-787-1551,8703 Foster Spurs,South Carlosborough,Massachusetts,United Kingdom,61476,1966-09-12,Male
49,Henry,Turner,zspencer@pace.com,396-678-1199x9906,6931 Hanna Shoals Suite 692,Jodymouth,West Virginia,Germany,91115,1956-03-27,Female
50,Benjamin,Dougherty,katherineguerra@hotmail.com,(627)678-6910,5433 Sandra Parks Suite 060,Smithfurt,Utah,China,50185,1962-08-23,Female
51,Carol,Wilson,pamela79@gmail.com,442.284.0824x28419,5814 Matthew Crossing,Taylorville,Rhode Island,Australia,58667,1969-02-07,Male
52,Elijah,Rivera,jonesamy@brown.com,(476)387-4834x83398,4898 Harrington Shores,West Whitney,Virginia,Canada,84860,1996-06-29,Female
53,Evelyn,Fowler,jpadilla@hotmail.com,001-964-339-9965x626,0690 Elizabeth Point Suite 300,North Patricktown,Mississippi,Germany,85148,1960-12-14,Female
54,Mary,Morgan,stephen33@gmail.com,(582)291-6692x473,563 Belinda Mountains,Millershire,Nevada,United Kingdom,98997,1997-01-02,Female
55,Charles,Perez,zwatson@gonzalez-gray.org,307.883.7296,38529 Scott Groves Apt. 564,West Thomas,New Mexico,United Kingdom,34531,1989-06-10,Female
56,Dana,Montgomery,mathewsrobert@smith-johnson.com,679.502.0793,9437 Andrea Plaza,Simsmouth,Rhode Island,United States,25186,1975-05-01,Male
57,John,Jackson,misty92@yahoo.com,3129108731,72132 Jessica Row,Derekfurt,Colorado,Italy,31482,1941-03-28,Female
58,Anna,Parker,lopezpaul@gmail.com,5421014449,441 Park Route Suite 621,Millerton,Vermont,China,35872,1947-04-11,Female
59,Jesse,Sanchez,ginaanderson@nguyen.com,7278135703,130 Theresa Mission Apt. 881,Jasonport,Nevada,China,95826,1992-01-21,Female
60,Robert,Rangel,umunoz@ferguson-fields.com,2447843981,6875 Montgomery Highway,Nicholestad,Nevada,United States,49531,1993-08-16,Male
61,Justin,Harris,dustinellis@hamilton.com,674-432-7929x01974,637 Ball Villages Suite 884,Rossburgh,California,Germany,90886,1954-03-24,Female
62,Robin,Mooney,stacy11@hotmail.com,+1-840-086-8201,8714 Martinez Street Apt. 941,Hallhaven,Washington,Spain,23006,1999-08-29,Female
63,Christopher,Torres,pwilliamson@hotmail.com,435-510-4288x167,592 Bruce Springs Apt. 688,Joycebury,Texas,Australia,40091,1933-11-13,Female
64,Taylor,Russell,kimberlyjones@white.net,557.751.1026,88943 Matthew Crossroad,Jeffreyview,Michigan,Australia,65126,1980-08-27,Male
65,Kenneth,Beltran,clifford19@brown-spears.info,576-700-6654x494,52507 Dominguez Circle,Craigtown,Missouri,Japan,10484,1975-04-16,Male
66,Alexandra,Gordon,kevin81@russell.com,760.369.1379x77150,0669 Castaneda Crossroad Apt. 147,Monicaview,Alaska,Italy,51767,1976-03-17,Female
67,Elizabeth,Patterson,markburgess@yahoo.com,+1-913-629-1715x92021,04081 Christina Trail Suite 792,New Gordonport,New Mexico,Japan,66926,2006-02-14,Female
68,Craig,Munoz,daviskimberly@sosa.com,(034)396-9165,99498 Spencer Street,Christinashire,North Dakota,United Kingdom,59208,1967-09-24,Female
69,George,Davis,brittanyvaldez@yang.com,305-571-2456,85766 Burton Roads,Jesseview,Arkansas,China,12995,1939-06-09,Female
70,Brett,Stanley,nathaniel86@berger.org,423-719-3360,13127 Sandra Fall,Port Wesleystad,Minnesota,France,47839,1940-11-20,Female
71,Omar,Hood,nathan30@hotmail.com,113.283.4405x5040,8663 Nicholas Unions,New Gina,North Dakota,Australia,23109,2001-08-13,Male
72,Elizabeth,Wheeler,richardsonjerry@bender.com,(431)131-1500x03324,087 James Haven Apt. 917,New Jason,South Dakota,Italy,52013,2001-09-02,Female
73,Robert,Lee,christinamiller@hotmail.com,001-047-773-4048x240,0448 Donaldson Neck,North Rebecca,Rhode Island,Germany,68489,1980-04-19,Female
74,Jonathan,Jefferson,eharrell@yahoo.com,(165)930-6806,5695 Brooks Plains,North Jennifer,South Carolina,Australia,53216,1976-06-26,Male
75,Robert,Hayes,jorios@hotmail.com,894-428-8103x7936,8289 Gonzales Brooks,Morrisview,Mississippi,Canada,17711,1996-03-13,Female
76,Robert,Coleman,robert19@gmail.com,428-975-5826x534,37475 Herman Summit,Lake Tanyahaven,Kentucky,Spain,49230,1973-06-28,Female
77,Laura,Walton,jasonhamilton@hotmail.com,+1-935-653-3273x345,33949 Brittany Corners,New Tracyview,Oklahoma,Spain,61118,1995-06-24,Female
78,Austin,Smith,nancy87@douglas-adams.com,001-994-604-9076x6478,209 Schultz Rapids Suite 925,Jacksonberg,Indiana,France,48710,1948-04-22,Female
79,Sonia,Harmon,randallveronica@weaver-dunn.com,014-867-5179,3153 Shawn Summit,Hunterville,Mississippi,Italy,66901,1992-08-16,Female
80,Alexis,Lutz,tarahall@carter.org,+1-695-158-4374,8970 Jordan Branch,South Virginiatown,South Dakota,Spain,81253,1967-12-14,Female
81,Donna,Jackson,deleonlauren@martinez.com,001-636-725-8437,5233 Goodwin Branch Apt. 179,North Kathymouth,North Dakota,Canada,86160,1981-04-20,Male
82,Tanya,Brown,hmoore@gmail.com,943.333.1621x55871,40391 Cindy Islands,Aliciastad,Connecticut,Italy,30247,1985-02-20,Male
83,Mary,Black,brandonortega@park-brown.com,001-986-826-8536x56192,456 Martin Ports Suite 743,Paulview,Kansas,United States,90481,1954-06-01,Male
84,Tammie,Henry,williamskaren@yahoo.com,+1-103-321-1903x9526,88874 Sonya Branch Suite 783,Lake Meganstad,Pennsylvania,Japan,27408,1968-12-04,Male
85,Troy,Webb,kstone@yahoo.com,022-797-7304,40599 Jessica Plaza,Timothyside,New Mexico,United Kingdom,2288,1995-01-14,Female
86,Zachary,Pena,kevinmay@mercer.com,(185)668-8665x758,6653 Erin Crossing Suite 479,Bonniemouth,Louisiana,United Kingdom,74312,1953-01-20,Male
87,Joshua,Lee,brownsarah@jacobs-larson.com,568.701.8903x693,78690 Joan Mall,Judithfurt,Illinois,Japan,85291,2001-07-31,Female
88,Thomas,Reyes,peckandrew@yahoo.com,210.403.7596,045 Brown Greens Suite 251,East Christopher,Arkansas,United Kingdom,955,1963-01-08,Male
89,Chelsea,White,websterjennifer@yahoo.com,+1-465-824-7066x432,966 Dorothy Ville Suite 551,Jessicachester,Oregon,France,39123,1939-09-23,Female
90,Roger,Humphrey,jackjenkins@yahoo.com,+1-462-143-9081x3571,393 Kimberly Estates Apt. 726,Sarahmouth,Wyoming,Germany,68807,2000-01-01,Male
91,Sarah,Davis,robinsonpatricia@gmail.com,(696)293-7278x8348,61577 Joseph Terrace Apt. 898,South Sierramouth,Kentucky,France,57864,1940-02-10,Female
92,Victor,Mitchell,jenkinshaley@ali.com,001-934-574-0779x572,4543 Martha Court Apt. 689,Lake Ritabury,Nebraska,France,64575,1952-12-23,Female
93,Benjamin,Boyd,fmaldonado@martin-lyons.com,001-873-156-7033x0181,413 James Parkway Suite 641,Maureenview,Tennessee,Spain,24859,1935-10-10,Male
94,Jenna,Cunningham,jennywalters@gmail.com,(085)742-3278x84487,0499 Ryan Land Suite 910,South Kayla,Virginia,France,50048,2000-06-03,Male
95,Patrick,Butler,dbarker@cabrera.com,(777)740-1058,67197 Wright Curve Suite 974,Whiteville,Delaware,Italy,36675,1944-03-06,Female
96,Holly,Sullivan,john00@gmail.com,1770855047,816 Harrison Manor Apt. 893,Lake Robertfurt,Massachusetts,France,65719,1993-07-13,Male
97,Amber,Thompson,igarcia@pugh.org,001-067-825-0229x01521,4738 Rhonda Hills Suite 444,Nathanville,Wyoming,Italy,90836,1959-05-25,Male
98,Nicole,Bryant,brendataylor@hotmail.com,001-551-371-8231x00748,459 Elizabeth Valley,Taylorport,Washington,Australia,90764,2006-01-06,Female
99,Samuel,Pierce,april18@hotmail.com,(157)570-1790,816 Alexander Falls Suite 301,Lewisland,Pennsylvania,France,10024,1978-02-23,Female
100,Julie,Hernandez,brent79@yahoo.com,+1-745-137-6372x567,81665 Young Wall,South Melissaland,Arizona,Italy,35417,1969-02-27,Male
101,Richard,Hill,william77@hotmail.com,613.166.8967,75705 Joan Via Apt. 698,Daltonchester,Maryland,China,61242,1948-01-30,Female
102,Robert,Barr,ljordan@yahoo.com,+1-939-941-5565x726,902 Willie Mission,South Adam,Maine,Spain,67090,1961-09-25,Male
103,Debra,Long,daisy48@gardner.biz,001-660-859-2847x0489,6961 Johnson Lodge Apt. 694,North Angelaview,Arkansas,Italy,10168,1956-09-02,Female
104,Kimberly,Cole,aaronlopez@hotmail.com,+1-029-846-4774x7354,0400 Hannah Keys,West Scottbury,Wyoming,Australia,99197,1994-08-15,Female
105,Tiffany,Sexton,ianderson@ruiz.org,(141)883-9623,362 Silva Neck,West Brianchester,Wisconsin,Germany,50895,1977-05-09,Male
106,Brian,Garcia,stephaniepage@yahoo.com,(363)929-6581x623,97300 Swanson Corner Apt. 093,Nguyenview,Idaho,United Kingdom,33414,1963-07-31,Male
107,Michael,Newman,hbradley@yahoo.com,(340)789-5907x261,83944 Keith Ports Suite 552,Ginastad,Missouri,China,51184,1988-08-28,Male
108,Jonathan,Smith,tonyamarshall@hotmail.com,719.152.7673x73972,478 Troy Parkway,Huntershire,Tennessee,United States,86767,1991-10-19,Female
109,Francisco,Byrd,thomas56@russell-hicks.com,+1-157-012-6487x80376,45384 John Mission,Rachelville,Indiana,Japan,81757,1958-12-11,Male
110,Natalie,Mcgee,kathleenbeck@branch.com,(100)514-5293x6398,05215 Shelby Junction Apt. 640,West Stephen,Louisiana,Australia,70103,1944-12-31,Male
111,Stephanie,Hernandez,jeremysmith@yahoo.com,162-045-8372x92572,885 Crystal Common Suite 936,Whitneybury,Connecticut,Spain,77244,1972-07-23,Male
112,Ryan,Powell,leahmiller@gmail.com,829.862.6247,13128 Allison Shores Suite 175,New Thomas,West Virginia,Spain,40433,1971-08-27,Male
113,Steven,Walker,levyshane@gmail.com,+1-900-489-8132x7154,9251 Jason Court,East Monica,North Dakota,Canada,16316,1980-09-30,Male
114,Roger,Gardner,ggreene@oliver-dean.net,445.740.0652x8087,31405 Barnes Spring,Kentberg,Hawaii,Japan,85048,1985-11-24,Male
115,Scott,Alvarez,hhuff@gmail.com,(888)033-2854x240,509 Amanda Courts,West Pamela,Utah,Canada,15885,1983-02-20,Female
116,Lisa,Thomas,blackburnwhitney@hotmail.com,+1-150-075-0646,484 Tanner Ridges Suite 307,South Kristinberg,Mississippi,United States,55832,1941-03-05,Male
117,Timothy,Smith,jasonramirez@gmail.com,815-514-7665x7259,137 Sabrina Court Apt. 819,Mariaborough,Arkansas,Canada,12492,2005-07-16,Female
118,Ashley,Carroll,catherinebrown@hotmail.com,158-477-8125x9875,953 Wheeler Curve,Lake Andrewberg,Alabama,Germany,97413,1936-09-18,Female
119,Caitlyn,Ball,hendrixalan@hotmail.com,274.091.1304x14068,98244 Marilyn Pass,West Angeltown,West Virginia,China,77365,1978-02-13,Male
120,Travis,Sellers,alexandra23@hardy-mitchell.info,707-837-7981,54815 Robles Ramp,Lake Christopher,Vermont,United Kingdom,28057,1934-01-26,Male
121,Gary,Castro,lsanders@barrett.net,001-828-627-4911,965 Rachel Inlet Apt. 324,Port Joseph,Arkansas,France,60941,1977-05-09,Male
122,Connie,Price,jeff23@rose.com,(605)870-3335x6511,9828 Johnson Summit,Reginaside,West Virginia,Germany,78300,1971-03-02,Female
123,Ryan,Johnson,jsmith@hotmail.com,949-327-2788x703,514 Andrew Viaduct,Port Jesusfurt,Hawaii,Spain,23972,1969-06-12,Male
124,Richard,Woodard,xkey@yahoo.com,790-818-1734,399 Mary Stream Suite 306,Port Henrymouth,Utah,Germany,67930,1943-07-27,Female
125,Robin,Riley,paulyoung@gmail.com,(673)121-7193x26648,76738 Lam Place Apt. 517,Lake Tina,Rhode Island,Japan,72568,1943-12-03,Male
126,Jennifer,Fisher,brian67@yahoo.com,(451)123-9292,93014 Mcneil Corner,Adammouth,Washington,Australia,90366,1934-07-02,Female
127,Bradley,Smith,michael86@byrd-wolfe.biz,188-252-4842x741,8965 Rivera Street,Jamiemouth,Georgia,Germany,26528,2005-08-30,Female
128,Karen,Jones,robinsondeborah@hotmail.com,664-866-4429x5828,362 Kelly Station Suite 094,Russellfort,South Dakota,Japan,30499,2004-12-29,Male
129,Wayne,Nelson,moralesjohn@johnston-randall.com,5682741153,45276 Dunlap Divide Apt. 064,Lake Jerryside,Montana,China,30507,1947-04-01,Male
130,Daniel,Garcia,fisherjorge@melton-smith.biz,847.624.2617x42586,70219 Norris Park,Snowton,Nebraska,Canada,86472,1953-03-13,Male
131,Sarah,Henson,robinsongrace@yahoo.com,001-345-666-8921x673,4338 Young Court Apt. 886,Lake Erikport,South Carolina,Germany,97049,1943-08-29,Female
132,Tim,May,baileyjonathan@hotmail.com,863.289.7481,384 Miller Roads,Patriciachester,Tennessee,United Kingdom,95401,1936-09-28,Female
133,Samantha,Turner,kellyallen@yahoo.com,943.228.6130,463 Margaret Road,Jenniferburgh,Missouri,France,40190,1954-05-23,Female
134,Melanie,Blevins,comptonbrett@barnes-stone.org,140.363.3305,311 Douglas Springs Apt. 510,Jameshaven,New Hampshire,France,47377,1975-06-09,Male
135,Joseph,Warren,janicehoward@hotmail.com,001-255-662-2553x101,9084 Colleen Meadows Apt. 659,Lake Joanne,Connecticut,Spain,96794,1936-01-16,Female
136,Jennifer,Davis,fmiller@smith.com,(445)709-6735x939,6514 Holland Tunnel,North Andreafort,Georgia,Germany,21515,2000-07-25,Female
137,Tanya,Andersen,umccoy@phillips.org,742.331.5390,3834 Sarah Pine Apt. 457,Barbarafurt,North Carolina,Japan,23650,1978-09-05,Male
138,Kendra,Grant,thomasgarcia@murphy.org,851.390.7080,19930 Stewart Spurs Apt. 480,Kathrynfort,Florida,Australia,36892,1983-10-03,Male
139,Stacey,Torres,kthornton@savage.com,433.945.2263x6548,1455 Tony Land,East Barbarafurt,Louisiana,Australia,51572,1997-10-04,Male
140,Richard,Jordan,amywilliams@murphy.com,417.999.9773,807 Sonia Corner Suite 126,East Aaron,Wisconsin,Japan,95648,1939-03-20,Male
141,Mark,Simpson,schultzmarissa@carter-hernandez.com,037-399-6771,33879 Lopez Mountains Apt. 699,Port Blake,Montana,United States,23179,1998-02-08,Male
142,Elizabeth,Fernandez,umcneil@wallace-harrison.net,(804)521-8433,15046 Brandon Station Apt. 607,Weberburgh,Hawaii,Spain,26501,1954-02-12,Female
143,Jaclyn,Parsons,davisshannon@melton-carter.info,(401)635-9581x799,4467 Nicole Plains,Lake Madelinechester,New Hampshire,Canada,54168,1992-02-01,Male
144,Peter,Carpenter,michelle11@davis.com,(521)721-1295x203,908 Justin Ville,Chavezmouth,North Carolina,Spain,37840,1947-01-10,Male
145,Grant,Shaw,williamsdavid@branch-watts.com,001-476-149-2391x691,893 Brown Springs,South Karen,Florida,United Kingdom,43959,1989-07-07,Female
146,Lori,Brady,longthomas@wong.com,998.868.9559,10292 Robert Mountains,Thomasport,Mississippi,France,88999,1948-11-14,Male
147,Martin,Simpson,kingjulian@gmail.com,+1-363-430-1662x163,78140 Bonnie Extensions,South Georgemouth,Virginia,China,85920,2004-05-08,Male
148,Shawna,Smith,newtondavid@hudson.net,001-571-879-7953x212,690 Goodman Isle Apt. 847,Port Jenniferhaven,Virginia,China,68303,1933-12-15,Female
149,Ryan,Ward,castrojohn@martin.org,384.314.2475x415,6314 Rollins Court Suite 481,Robertfurt,New York,China,29120,2004-10-29,Female
150,Gary,Ashley,jason05@hotmail.com,001-039-063-4612x50270,551 Garcia Dam Apt. 448,Lindseytown,Rhode Island,Australia,6824,1955-04-26,Male
151,Rebecca,Abbott,durantammy@nguyen.com,045.814.7563,69417 Desiree Skyway,West Nancyton,New Jersey,Canada,88219,1938-09-03,Female
152,Gary,Harris,david23@yahoo.com,894-609-3044x9698,5155 Booker Station,Michaelborough,South Dakota,Italy,66693,1988-11-05,Male
153,Paul,Flynn,lynn81@melton.com,678.792.2123x7948,72962 Michelle Extensions,Melissamouth,Missouri,United States,37499,1939-11-27,Female
154,Kenneth,Richardson,ashleycantu@yahoo.com,490-188-0247x16637,56975 Willie Row,Bradleyfurt,Colorado,Canada,81996,1986-06-08,Female
155,Michael,Dunn,kathrynmedina@brown.com,(473)525-5889,674 Sanchez Highway,West Dakota,Mississippi,Italy,45828,1951-02-10,Male
156,Jacob,Hill,jason82@hotmail.com,7211552779,225 Heather Wells Suite 753,Deborahberg,Wyoming,Japan,30949,1939-10-15,Female
157,Yvette,Griffin,johnsonchad@smith.com,632.592.5902x2963,6161 Barbara Flats Apt. 756,Bryanttown,Delaware,Canada,94167,1946-11-12,Male
158,Misty,Mccoy,vasquezmathew@yahoo.com,001-975-633-4934,68422 Deborah Forest Suite 310,Tylershire,Connecticut,United Kingdom,51350,1974-12-19,Female
159,Kenneth,Jenkins,pgreene@yahoo.com,(143)623-8155x75166,9584 Sanchez Inlet Suite 596,Anachester,Florida,China,46089,1950-04-22,Male
160,Bonnie,Ramirez,melissa47@hansen.biz,495.531.9647x960,6864 Tran Villages Apt. 746,East Maryshire,Wyoming,United Kingdom,70227,1938-07-04,Male
161,Devon,Jones,cheyenne23@maldonado.net,001-414-703-1939,4574 Cox Lane,Jamesmouth,Ohio,France,74909,1992-08-29,Male
162,Andrew,Powell,teresa11@duncan.com,001-927-921-8477x174,45253 Franco Corners Suite 986,West John,South Carolina,United Kingdom,44743,1973-11-17,Female
163,Erika,Walker,elewis@hotmail.com,480-587-4804,318 Danny Walk,Stephanieport,Kentucky,Italy,57281,1962-04-15,Female
164,Brandon,Wilson,cookrhonda@hotmail.com,439.291.6580,94968 Kyle Lights,Tinaburgh,Pennsylvania,Australia,50995,1965-09-30,Female
165,Aaron,Pollard,veronicastevens@gmail.com,050-884-4638x2437,72484 Garcia Orchard Suite 477,Carolyntown,Kansas,Germany,87907,1987-02-23,Male
166,John,Morales,victorthomas@hotmail.com,(093)613-2157,835 Smith Brooks Suite 734,East Kurt,Louisiana,Australia,28698,1958-12-30,Female
167,Eric,Miller,rosskimberly@gmail.com,+1-809-854-7690x90181,970 Robinson Crossing Suite 603,New Rodney,Washington,Japan,17077,1960-06-04,Female
168,Christopher,Jones,april82@yahoo.com,+1-378-734-8567,448 Jeremiah Track,Port Melissa,Hawaii,China,9387,1960-09-17,Male
169,Alexis,Sanchez,amber10@holden.com,(546)329-2287x8528,02351 Wilkerson Forest,Hoffmanbury,Iowa,Italy,19549,1953-08-01,Male
170,Sean,Nielsen,christopher96@mcbride.net,778.025.1693x8331,840 Anderson Gateway,Brandontown,Wyoming,United States,18035,1970-11-08,Male
171,Christopher,Carr,chelseasmith@nelson-chavez.com,(439)795-5573x308,8084 White Gardens,Robertmouth,Kentucky,France,31923,1939-08-15,Male
172,Steven,Howell,robin20@barajas.com,958-245-9286x096,9577 Harris Alley,West Jacobview,Nebraska,France,7839,1992-04-18,Male
173,Jason,Meyers,jeffrey50@cook-mays.org,099-372-0216,067 Angela Points Apt. 626,South Jennifer,Iowa,Germany,27273,1973-06-13,Female
174,Sherry,Atkinson,nicholas35@munoz.com,937.123.7152x7928,265 Sierra Spurs Suite 954,Port Richard,Kentucky,Japan,60838,1968-03-16,Male
175,Emily,Jones,xhill@davis-owens.com,443.401.3529,689 Kelly Locks Suite 916,North Joshuafort,Pennsylvania,Japan,26391,1954-08-05,Male
176,Gary,Fuentes,montesjanet@peck.biz,170-594-3229x94854,1463 Stacey Walk Apt. 605,Burnettmouth,South Dakota,Japan,14775,1957-07-31,Male
177,Ricardo,Miranda,pagebarbara@gmail.com,703.935.7608x7179,386 Miller Spring,Walshland,Pennsylvania,Canada,20714,1943-08-22,Male
178,Daniel,Mcintyre,amber45@wilcox-hutchinson.com,6591665374,996 Palmer Track,Paulmouth,Mississippi,Germany,33973,1984-01-13,Male
179,Tammy,Khan,dustintaylor@hotmail.com,(184)075-5045x017,84883 Bryant Ville,Sarahfort,Kentucky,Canada,97376,1976-11-23,Male
180,Isaac,Chase,joel22@jones.biz,+1-005-690-7354x82008,365 Anthony Freeway Apt. 503,Wrighttown,California,Germany,65074,1984-11-29,Female
181,Jonathan,Smith,mandrews@hotmail.com,925.762.0224x5455,017 Beverly Viaduct Apt. 725,Robertsshire,Georgia,Germany,54104,2001-03-11,Female
182,Ryan,Thomas,monicaallen@baker.com,178.329.3199,560 Darlene Throughway,North Stacey,Kansas,Australia,75552,1948-10-24,Male
183,Bruce,Walters,karen95@hotmail.com,(181)155-3357,13835 Gregory Coves,North Karenfurt,Rhode Island,United Kingdom,36592,1978-01-05,Female
184,Debra,Dominguez,malloryromero@campbell.com,001-185-833-5475x018,4259 Thompson Glen,Riveraborough,Idaho,Italy,51405,1948-11-27,Male
185,Michael,Diaz,sweeneybrandy@yahoo.com,778-055-7446,91252 Pitts Falls,Ashleymouth,Pennsylvania,Japan,54072,2003-04-16,Female
186,Michelle,Lawrence,gonzaleseric@yahoo.com,(226)860-0982x599,68429 Cameron Rest Suite 406,Monicaport,Idaho,Spain,38080,1949-12-19,Female
187,Sherri,Gould,thomas41@ferguson-luna.com,389.677.6677,1883 Destiny Cove Suite 997,Michaelhaven,South Carolina,Australia,69035,1955-09-26,Female
188,Rebecca,Cunningham,barnestroy@hotmail.com,512-301-0617x1378,44072 Phillips Pines Suite 910,Barrettview,Kansas,Germany,95842,1988-07-27,Male
189,Ann,Velasquez,joshuaelliott@hotmail.com,046-974-7811x0437,984 Booth Bridge,Port Bryan,West Virginia,China,17942,1989-02-22,Male
190,Sharon,Shaw,caitlin93@lopez-carr.info,595-613-1265x0808,6792 Barnes Lake,Daychester,Maine,Japan,97235,1981-01-16,Female
191,Robert,Bryan,nancycarter@yahoo.com,364-515-5024x0747,31662 Thompson Inlet Suite 533,New Robertburgh,Maryland,United Kingdom,13637,1938-01-11,Male
192,Danny,Sanchez,carl14@hotmail.com,5194229369,35831 Mendoza Gateway,Richardsside,Idaho,United States,77759,1998-02-25,Male
193,Timothy,Jackson,lori52@gmail.com,861-278-3485x210,623 Jose Spurs Apt. 899,Allenberg,California,United States,2943,1967-02-12,Female
194,Corey,Munoz,michael16@hotmail.com,(145)282-7562,7403 Tiffany Estate,Deborahmouth,Colorado,United Kingdom,59182,1945-11-01,Male
195,Alyssa,Stevens,iharris@stanley.net,001-357-578-2095x05413,71052 Carlson Streets Suite 445,South Daisy,Alabama,Germany,35916,1964-11-12,Male
196,Sarah,Martinez,elizabeth53@yahoo.com,(183)786-4979,60771 Peggy Trace,Lake John,Louisiana,Canada,38008,1945-08-04,Female
197,Jack,Mendoza,hollowayglenda@cook-clark.info,001-512-294-2702x837,49063 Michael Knolls,Jonesville,Arkansas,France,3552,1974-06-16,Male
198,Daniel,Marquez,reedrobert@woods-green.com,+1-349-550-6249x73407,95658 Anthony Via,New Katie,Florida,Germany,26991,1941-01-19,Female
199,Taylor,Hicks,ifuller@larson.biz,8216148628,40993 Porter Ports Suite 062,West Martintown,Arizona,Italy,31962,1970-06-21,Male
200,Allen,Martin,mvalenzuela@gmail.com,(956)040-1750x34244,05357 Gina Estate Suite 183,Christyport,New York,Spain,67703,1960-03-02,Female
