MarketTrendID,ProductGroupID,TrendDescription,StartDate,EndDate,TrendData,Region,MarketSegment,Impact,DataSource,AnalysisDate,AnalystName
1,1,"Increased demand for high-end smartphones",2023-01-01,2023-03-31,"Sales up by 20% compared to last quarter","Global","Consumer Electronics",High,"Sales Reports",2023-04-15,"John Doe"
2,2,"Rising popularity of professional laptops",2023-02-01,2023-04-30,"Growth in sales due to remote work trends","North America","Business Technology",Medium,"Market Surveys",2023-05-10,"Jane Smith"
3,3,"Growing interest in noise-canceling headphones",2023-03-01,2023-05-31,"Positive customer reviews and increased sales","Europe","Consumer Electronics",Medium,"Customer Feedback",2023-06-05,"David Johnson"
4,4,"Increasing adoption of smartwatches for fitness tracking",2023-04-01,2023-06-30,"Health-conscious consumers driving sales","Asia","Health and Fitness",High,"Sales Data Analysis",2023-07-20,"Emily Brown"
5,5,"Expanding market for professional DSLR cameras",2023-05-01,2023-07-31,"Rise in demand from photography enthusiasts","Global","Photography",Medium,"Market Trends Report",2023-08-10,"Michael Clark"
6,6,"Growth in mechanical keyboards market",2023-06-01,2023-08-31,"Increased gaming activities boosting sales","North America","Gaming Accessories",High,"Market Analysis",2023-09-05,"Sophia Lee"
7,7,"Surge in sales of all-in-one printers",2023-07-01,2023-09-30,"Demand from small businesses and home offices","Europe","Office Equipment",Medium,"Sales Reports",2023-10-15,"Daniel Wilson"
8,8,"Rising popularity of external hard drives",2023-08-01,2023-10-31,"Data storage needs driving market growth","Asia","Data Storage",High,"Market Research",2023-11-05,"Jessica Turner"
9,9,"Increase in demand for wireless routers",2023-09-01,2023-11-30,"Shift towards faster internet speeds","North America","Networking",Medium,"Customer Surveys",2023-12-01,"Andrew Roberts"
10,10,"Growing market for gaming consoles",2023-10-01,2023-12-31,"New game releases driving sales","Global","Gaming",High,"Sales Data Analysis",2024-01-10,"Sophie Green"
11,11,"Expansion of portable power bank market",2023-11-01,2024-01-31,"Increased use of mobile devices","Europe","Mobile Accessories",Medium,"Market Trends Report",2024-02-05,"Matthew Harris"
12,12,"Popularity of fitness trackers among health enthusiasts",2023-12-01,2024-02-28,"Fitness tracking becoming mainstream","Asia","Fitness Technology",High,"Customer Feedback",2024-03-15,"Olivia Martin"
13,13,"Growth in external SSD market",2024-01-01,2024-03-31,"Demand for fast data transfer speeds","North America","Data Storage",Medium,"Market Analysis",2024-04-05,"Lucas Baker"
14,14,"Increasing adoption of smart thermostats",2024-02-01,2024-04-30,"Energy efficiency trends driving sales","Global","Smart Home",High,"Market Research",2024-05-10,"Ella Young"
15,15,"Rising demand for true wireless earbuds",2024-03-01,2024-05-31,"Convenience and mobility driving sales","Europe","Audio Accessories",Medium,"Sales Reports",2024-06-05,"Noah Thompson"
16,16,"Surge in electric shaver market",2024-04-01,2024-06-30,"Preference for grooming at home","Asia","Personal Care",High,"Customer Surveys",2024-07-20,"Ava White"
17,17,"Growing popularity of bluetooth trackers",2024-05-01,2024-07-31,"Increased interest in tracking lost items","Global","Consumer Electronics",Medium,"Market Trends Report",2024-08-10,"Liam Davis"
18,18,"Expansion of portable speaker market",2024-06-01,2024-08-31,"Portable entertainment devices gaining traction","North America","Audio Equipment",High,"Market Analysis",2024-09-05,"Isabella Hall"
19,19,"Rising adoption of smart cameras",2024-07-01,2024-09-30,"Security concerns driving sales","Europe","Security Technology",Medium,"Sales Reports",2024-10-15,"Mason Scott"
20,20,"Increase in demand for gaming consoles",2024-08-01,2024-10-31,"New game releases driving sales","Asia","Gaming",High,"Market Research",2024-11-05,"Emma Garcia"
21,21,"Expanding market for LED desk lamps",2024-09-01,2024-11-30,"Focus on energy-efficient lighting solutions","North America","Home Office",Medium,"Customer Surveys",2024-12-01,"William Martinez"
22,22,"Growth in wireless charger market",2024-10-01,2024-12-31,"Convenience of wireless charging","Global","Mobile Accessories",High,"Sales Data Analysis",2025-01-10,"Grace Lewis"
23,23,"Increasing adoption of projectors for home entertainment",2024-11-01,2025-01-31,"Home theater setups becoming popular","Europe","Home Entertainment",Medium,"Market Trends Report",2025-02-05,"Logan Clark"
24,24,"Surge in VR headset market",2024-12-01,2025-02-28,"Virtual reality gaming gaining traction","Asia","Gaming",High,"Customer Feedback",2025-03-15,"Victoria Roberts"
25,25,"Growing demand for smart locks",2025-01-01,2025-03-31,"Home security upgrades","North America","Smart Home",Medium,"Market Analysis",2025-04-05,"Leo Walker"
26,26,"Expansion of gaming chair market",2025-02-01,2025-04-30,"Comfort and ergonomics driving sales","Global","Gaming Accessories",High,"Market Research",2025-05-10,"Madison Hall"
27,27,"Rising popularity of standing desks",2025-03-01,2025-05-31,"Focus on health and wellness at workplaces","Europe","Office Furniture",Medium,"Sales Reports",2025-06-05,"Gabriel Young"
28,28,"Increase in electric kettle sales",2025-04-01,2025-06-30,"Convenience in boiling water","Asia","Kitchen Appliances",High,"Customer Feedback",2025-07-20,"Aria Roberts"
29,29,"Growing market for coffee makers",2025-05-01,2025-07-31,"Coffee enthusiasts driving sales","North America","Kitchen Appliances",Medium,"Market Trends Report",2025-08-10,"Jack Anderson"
30,30,"Expanding market for rice cookers",2025-06-01,2025-08-31,"Popularity of rice-based diets","Global","Kitchen Appliances",High,"Market Analysis",2025-09-05,"Natalie Martinez"
31,31,"Increasing demand for high-speed blenders",2025-07-01,2025-09-30,"Health-conscious consumers driving sales","Europe","Kitchen Appliances",Medium,"Sales Reports",2025-10-15,"Lucas Baker"
32,32,"Rising adoption of stainless steel toasters",2025-08-01,2025-10-31,"Preference for durable kitchen appliances","Asia","Kitchen Appliances",High,"Market Research",2025-11-05,"Ella Young"
33,33,"Expansion of food processor market",2025-09-01,2025-11-30,"Efficient food preparation solutions","North America","Kitchen Appliances",Medium,"Customer Surveys",2025-12-01,"Oliver Harris"
34,34,"Growth in vacuum sealer market",2025-10-01,2025-12-31,"Increase in home food preservation","Global","Kitchen Appliances",High,"Sales Data Analysis",2026-01-10,"Sophie Green"
35,35,"Rising demand for electric juicers",2025-11-01,2026-01-31,"Health-conscious consumers driving sales","Europe","Kitchen Appliances",Medium,"Market Trends Report",2026-02-05,"Matthew Harris"
36,36,"Surge in professional hair dryer market",2025-12-01,2026-02-28,"Salon-quality hair care at home","Asia","Personal Care",High,"Customer Feedback",2026-03-15,"Olivia Martin"
37,37,"Increasing adoption of air fryers",2026-01-01,2026-03-31,"Healthier cooking trends","North America","Kitchen Appliances",Medium,"Market Analysis",2026-04-05,"Lucas Baker"
38,38,"Expansion of RO water purifier market",2026-02-01,2026-04-30,"Safe drinking water solutions","Global","Home Appliances",High,"Market Research",2026-05-10,"Ella Young"
39,39,"Rising demand for energy-efficient electric fans",2026-03-01,2026-05-31,"Focus on energy savings and comfort","Europe","Home Appliances",Medium,"Sales Reports",2026-06-05,"Daniel Wilson"
40,40,"Growing popularity of ultrasonic humidifiers",2026-04-01,2026-06-30,"Improved indoor air quality","Asia","Home Appliances",High,"Customer Surveys",2026-07-20,"Emily Brown"
41,41,"Expanding market for electric blankets",2026-05-01,2026-07-31,"Comfort and warmth during cold seasons","North America","Home Textiles",Medium,"Market Trends Report",2026-08-10,"Michael Clark"
42,42,"Increasing adoption of smart air purifiers",2026-06-01,2026-08-31,"Air quality concerns driving sales","Global","Smart Home",High,"Sales Data Analysis",2026-09-05,"Sophia Lee"
43,43,"Rising market for robot vacuum cleaners",2026-07-01,2026-09-30,"Automation in household cleaning","Europe","Smart Home",Medium,"Market Analysis",2026-10-15,"Daniel Wilson"
44,44,"Growth in digital smart scale market",2026-08-01,2026-10-31,"Health monitoring trends","Asia","Health and Wellness",High,"Customer Surveys",2026-11-05,"Olivia Martin"
45,45,"Surge in adjustable LED desk lamp market",2026-09-01,2026-11-30,"Workspace lighting solutions","North America","Home Office",Medium,"Market Research",2026-12-01,"Lucas Baker"
46,46,"Increasing adoption of wireless chargers",2026-10-01,2026-12-31,"Convenience of wireless charging","Global","Mobile Accessories",High,"Sales Reports",2027-01-10,"Sophie Green"
47,47,"Rising demand for full HD projectors",2026-11-01,2027-01-31,"Home entertainment setups","Europe","Home Entertainment",Medium,"Market Trends Report",2027-02-05,"Matthew Harris"
48,48,"Expansion of virtual reality headset market",2026-12-01,2027-02-28,"Virtual reality gaming experiences","Asia","Gaming",High,"Customer Feedback",2027-03-15,"Olivia Martin"
49,49,"Growth in smart lock market",2027-01-01,2027-03-31,"Home security upgrades","North America","Smart Home",Medium,"Market Analysis",2027-04-05,"Lucas Baker"
50,50,"Surge in gaming chair market",2027-02-01,2027-04-30,"Comfort and ergonomics driving sales","Global","Gaming Accessories",High,"Market Research",2027-05-10,"Sophia Lee"
51,51,"Rising popularity of standing desks",2027-03-01,2027-05-31,"Health and wellness trends","Europe","Office Furniture",Medium,"Sales Reports",2027-06-05,"Daniel Wilson"
52,52,"Increase in sales of electric kettles",2027-04-01,2027-06-30,"Convenience in boiling water","Asia","Kitchen Appliances",High,"Customer Surveys",2027-07-20,"Emily Brown"
53,53,"Growing market for coffee makers",2027-05-01,2027-07-31,"Coffee enthusiasts driving sales","North America","Kitchen Appliances",Medium,"Market Trends Report",2027-08-10,"Michael Clark"
54,54,"Expanding market for rice cookers",2027-06-01,2027-08-31,"Popularity of rice-based diets","Global","Kitchen Appliances",High,"Market Analysis",2027-09-05,"Sophia Lee"
55,55,"Increasing demand for high-speed blenders",2027-07-01,2027-09-30,"Health-conscious consumers driving sales","Europe","Kitchen Appliances",Medium,"Sales Reports",2027-10-15,"Daniel Wilson"
56,56,"Rising adoption of stainless steel toasters",2027-08-01,2027-10-31,"Preference for durable kitchen appliances","Asia","Kitchen Appliances",High,"Market Research",2027-11-05,"Emily Brown"
57,57,"Expansion of food processor market",2027-09-01,2027-11-30,"Efficient food preparation solutions","North America","Kitchen Appliances",Medium,"Customer Surveys",2027-12-01,"Lucas Baker"
58,58,"Growth in vacuum sealer market",2027-10-01,2027-12-31,"Increase in home food preservation","Global","Kitchen Appliances",High,"Sales Data Analysis",2028-01-10,"Sophie Green"
59,59,"Rising demand for electric juicers",2027-11-01,2028-01-31,"Health-conscious consumers driving sales","Europe","Kitchen Appliances",Medium,"Market Trends Report",2028-02-05,"Matthew Harris"
60,60,"Surge in professional hair dryer market",2027-12-01,2028-02-29,"Salon-quality hair care at home","Asia","Personal Care",High,"Customer Feedback",2028-03-15,"Olivia Martin"
61,61,"Increasing adoption of air fryers",2028-01-01,2028-03-31,"Healthier cooking trends","North America","Kitchen Appliances",Medium,"Market Analysis",2028-04-05,"Lucas Baker"
62,62,"Expansion of RO water purifier market",2028-02-01,2028-04-30,"Safe drinking water solutions","Global","Home Appliances",High,"Market Research",2028-05-10,"Ella Young"
63,63,"Rising demand for energy-efficient electric fans",2028-03-01,2028-05-31,"Focus on energy savings and comfort","Europe","Home Appliances",Medium,"Sales Reports",2028-06-05,"Daniel Wilson"
64,64,"Growing popularity of ultrasonic humidifiers",2028-04-01,2028-06-30,"Improved indoor air quality","Asia","Home Appliances",High,"Customer Surveys",2028-07-20,"Emily Brown"
65,65,"Expanding market for electric blankets",2028-05-01,2028-07-31,"Comfort and warmth during cold seasons","North America","Home Textiles",Medium,"Market Trends Report",2028-08-10,"Michael Clark"
66,66,"Increasing adoption of smart air purifiers",2028-06-01,2028-08-31,"Air quality concerns driving sales","Global","Smart Home",High,"Sales Data Analysis",2028-09-05,"Sophia Lee"
67,67,"Rising market for robot vacuum cleaners",2028-07-01,2028-09-30,"Automation in household cleaning","Europe","Smart Home",Medium,"Market Analysis",2028-10-15,"Daniel Wilson"
68,68,"Growth in digital smart scale market",2028-08-01,2028-10-31,"Health monitoring trends","Asia","Health and Wellness",High,"Customer Surveys",2028-11-05,"Olivia Martin"
69,69,"Surge in adjustable LED desk lamp market",2028-09-01,2028-11-30,"Workspace lighting solutions","North America","Home Office",Medium,"Market Research",2028-12-01,"Lucas Baker"
70,70,"Increasing adoption of wireless chargers",2028-10-01,2028-12-31,"Convenience of wireless charging","Global","Mobile Accessories",High,"Sales Reports",2029-01-10,"Sophie Green"
71,71,"Rising demand for full HD projectors",2028-11-01,2029-01-31,"Home entertainment setups","Europe","Home Entertainment",Medium,"Market Trends Report",2029-02-05,"Matthew Harris"
72,72,"Expansion of virtual reality headset market",2028-12-01,2029-02-28,"Virtual reality gaming experiences","Asia","Gaming",High,"Customer Feedback",2029-03-15,"Olivia Martin"
73,73,"Growing demand for smart locks",2029-01-01,2029-03-31,"Home security upgrades","North America","Smart Home",Medium,"Market Analysis",2029-04-05,"Lucas Baker"
74,74,"Surge in gaming chair market",2029-02-01,2029-04-30,"Comfort and ergonomics driving sales","Global","Gaming Accessories",High,"Market Research",2029-05-10,"Sophia Lee"
75,75,"Rising popularity of standing desks",2029-03-01,2029-05-31,"Health and wellness trends","Europe","Office Furniture",Medium,"Sales Reports",2029-06-05,"Daniel Wilson"
76,76,"Increase in sales of electric kettles",2029-04-01,2029-06-30,"Convenience in boiling water","Asia","Kitchen Appliances",High,"Customer Surveys",2029-07-20,"Emily Brown"
77,77,"Growing market for coffee makers",2029-05-01,2029-07-31,"Coffee enthusiasts driving sales","North America","Kitchen Appliances",Medium,"Market Trends Report",2029-08-10,"Michael Clark"
78,78,"Expanding market for rice cookers",2029-06-01,2029-08-31,"Popularity of rice-based diets","Global","Kitchen Appliances",High,"Market Analysis",2029-09-05,"Sophia Lee"
79,79,"Increasing demand for high-speed blenders",2029-07-01,2029-09-30,"Health-conscious consumers driving sales","Europe","Kitchen Appliances",Medium,"Sales Reports",2029-10-15,"Daniel Wilson"
80,80,"Rising adoption of stainless steel toasters",2029-08-01,2029-10-31,"Preference for durable kitchen appliances","Asia","Kitchen Appliances",High,"Market Research",2029-11-05,"Emily Brown"
81,81,"Expansion of food processor market",2029-09-01,2029-11-30,"Efficient food preparation solutions","North America","Kitchen Appliances",Medium,"Customer Surveys",2029-12-01,"Lucas Baker"
82,82,"Growth in vacuum sealer market",2029-10-01,2029-12-31,"Increase in home food preservation","Global","Kitchen Appliances",High,"Sales Data Analysis",2030-01-10,"Sophie Green"
83,83,"Rising demand for electric juicers",2029-11-01,2030-01-31,"Health-conscious consumers driving sales","Europe","Kitchen Appliances",Medium,"Market Trends Report",2030-02-05,"Matthew Harris"
84,84,"Surge in professional hair dryer market",2029-12-01,2030-02-28,"Salon-quality hair care at home","Asia","Personal Care",High,"Customer Feedback",2030-03-15,"Olivia Martin"
85,85,"Increasing adoption of air fryers",2030-01-01,2030-03-31,"Healthier cooking trends","North America","Kitchen Appliances",Medium,"Market Analysis",2030-04-05,"Lucas Baker"
86,86,"Expansion of RO water purifier market",2030-02-01,2030-04-30,"Safe drinking water solutions","Global","Home Appliances",High,"Market Research",2030-05-10,"Ella Young"
87,87,"Rising demand for energy-efficient electric fans",2030-03-01,2030-05-31,"Focus on energy savings and comfort","Europe","Home Appliances",Medium,"Sales Reports",2030-06-05,"Daniel Wilson"
88,88,"Growing popularity of ultrasonic humidifiers",2030-04-01,2030-06-30,"Improved indoor air quality","Asia","Home Appliances",High,"Customer Surveys",2030-07-20,"Emily Brown"
89,89,"Expanding market for electric blankets",2030-05-01,2030-07-31,"Comfort and warmth during cold seasons","North America","Home Textiles",Medium,"Market Trends Report",2030-08-10,"Michael Clark"
90,90,"Increasing adoption of smart air purifiers",2030-06-01,2030-08-31,"Air quality concerns driving sales","Global","Smart Home",High,"Sales Data Analysis",2030-09-05,"Sophia Lee"
91,91,"Rising market for robot vacuum cleaners",2030-07-01,2030-09-30,"Automation in household cleaning","Europe","Smart Home",Medium,"Market Analysis",2030-10-15,"Daniel Wilson"
92,92,"Growth in digital smart scale market",2030-08-01,2030-10-31,"Health monitoring trends","Asia","Health and Wellness",High,"Customer Surveys",2030-11-05,"Olivia Martin"
93,93,"Surge in adjustable LED desk lamp market",2030-09-01,2030-11-30,"Workspace lighting solutions","North America","Home Office",Medium,"Market Research",2030-12-01,"Lucas Baker"
94,94,"Increasing adoption of wireless chargers",2030-10-01,2030-12-31,"Convenience of wireless charging","Global","Mobile Accessories",High,"Sales Reports",2031-01-10,"Sophie Green"
95,95,"Rising demand for full HD projectors",2030-11-01,2031-01-31,"Home entertainment setups","Europe","Home Entertainment",Medium,"Market Trends Report",2031-02-05,"Matthew Harris"
96,96,"Expansion of virtual reality headset market",2030-12-01,2031-02-28,"Virtual reality gaming experiences","Asia","Gaming",High,"Customer Feedback",2031-03-15,"Olivia Martin"
97,97,"Growing demand for smart locks",2031-01-01,2031-03-31,"Home security upgrades","North America","Smart Home",Medium,"Market Analysis",2031-04-05,"Lucas Baker"
98,98,"Surge in gaming chair market",2031-02-01,2031-04-30,"Comfort and ergonomics driving sales","Global","Gaming Accessories",High,"Market Research",2031-05-10,"Sophia Lee"
99,99,"Rising popularity of standing desks",2031-03-01,2031-05-31,"Health and wellness trends","Europe","Office Furniture",Medium,"Sales Reports",2031-06-05,"Daniel Wilson"
100,100,"Increase in sales of electric kettles",2031-04-01,2031-06-30,"Convenience in boiling water","Asia","Kitchen Appliances",High,"Customer Surveys",2031-07-20,"Emily Brown"